OPERADORA_PAIS,Date,GDP_N,GDP_R,GDP_N_ChangeRate,GDP_R_ChangeRate
PE,2018-01,57007.33333,42343.33333,0.083674,0.0793845
PE,2018-02,57007.33333,42343.33333,0.083674,0.0793845
PE,2018-03,57007.33333,42343.33333,0.083674,0.0793845
PE,2018-04,62562,45757,0.097437757,0.080618751
PE,2018-05,62562,45757,0.097437757,0.080618751
PE,2018-06,62562,45757,0.097437757,0.080618751
PE,2018-07,59982.33333,43958.33333,-0.041233763,-0.039309104
PE,2018-08,59982.33333,43958.33333,-0.041233763,-0.039309104
PE,2018-09,59982.33333,43958.33333,-0.041233763,-0.039309104
PE,2018-10,64311,46150,0.072165693,0.04985782
PE,2018-11,64311,46150,0.072165693,0.04985782
PE,2018-12,64311,46150,0.072165693,0.04985782
PE,2019-01,59296.33333,43386.66667,-0.077975256,-0.059877212
PE,2019-02,59296.33333,43386.66667,-0.077975256,-0.059877212
PE,2019-03,59296.33333,43386.66667,-0.077975256,-0.059877212
PE,2019-04,64515,46328,0.088009939,0.067793485
PE,2019-05,64515,46328,0.088009939,0.067793485
PE,2019-06,64515,46328,0.088009939,0.067793485
PE,2019-07,63270.33333,45335.33333,-0.019292671,-0.021426927
PE,2019-08,63270.33333,45335.33333,-0.019292671,-0.021426927
PE,2019-09,63270.33333,45335.33333,-0.019292671,-0.021426927
PE,2019-10,66913,47151.66667,0.05757306,0.040064409
PE,2019-11,66913,47151.66667,0.05757306,0.040064409
PE,2019-12,66913,47151.66667,0.05757306,0.040064409
PE,2020-01,58057.33333,41911.66667,-0.132345982,-0.111130748
PE,2020-02,58057.33333,41911.66667,-0.132345982,-0.111130748
PE,2020-03,58057.33333,41911.66667,-0.132345982,-0.111130748
PE,2020-04,46487,32790.66667,-0.199291505,-0.217624369
PE,2020-05,46487,32790.66667,-0.199291505,-0.217624369
PE,2020-06,46487,32790.66667,-0.199291505,-0.217624369
PE,2020-07,59993,41237.66667,0.290532837,0.25760379
PE,2020-08,59993,41237.66667,0.290532837,0.25760379
PE,2020-09,59993,41237.66667,0.290532837,0.25760379
PE,2020-10,70101,46341,0.168486323,0.123754173
PE,2020-11,70101,46341,0.168486323,0.123754173
PE,2020-12,70101,46341,0.168486323,0.123754173
PE,2021-01,66048.66667,43773,-0.057807069,-0.055415291
PE,2021-02,66048.66667,43773,-0.057807069,-0.055415291
PE,2021-03,66048.66667,43773,-0.057807069,-0.055415291
PE,2021-04,72837.66667,46278.33333,0.102787843,0.057234673
PE,2021-05,72837.66667,46278.33333,0.102787843,0.057234673
PE,2021-06,72837.66667,46278.33333,0.102787843,0.057234673
PE,2021-07,74315.33333,46107.33333,0.020287123,-0.003695034
PE,2021-08,74315.33333,46107.33333,0.020287123,-0.003695034
PE,2021-09,74315.33333,46107.33333,0.020287123,-0.003695034
PE,2021-10,79591.66667,47795.33333,0.070999255,0.036610228
PE,2021-11,79591.66667,47795.33333,0.070999255,0.036610228
PE,2021-12,79591.66667,47795.33333,0.070999255,0.036610228
PE,2022-01,73675,45488.33333,-0.074337766,-0.048268311
PE,2022-02,73675,45488.33333,-0.074337766,-0.048268311
PE,2022-03,73675,45488.33333,-0.074337766,-0.048268311
PE,2022-04,79124.66667,47832.33333,0.073969008,0.051529696
PE,2022-05,79124.66667,47832.33333,0.073969008,0.051529696
PE,2022-06,79124.66667,47832.33333,0.073969008,0.051529696
PE,2022-07,78495.33333,47036,-0.007953693,-0.016648432
PE,2022-08,78495.33333,47036,-0.007953693,-0.016648432
PE,2022-09,78495.33333,47036,-0.007953693,-0.016648432
PE,2022-10,83814.66667,48611,0.067766237,0.03348499
PE,2022-11,83814.66667,48611,0.067766237,0.03348499
PE,2022-12,83814.66667,48611,0.067766237,0.03348499
PE,2023-01,78483.66667,45305.66667,-0.06360462,-0.067995584
PE,2023-02,78483.66667,45305.66667,-0.06360462,-0.067995584
PE,2023-03,78483.66667,45305.66667,-0.06360462,-0.067995584
PE,2023-04,83938.33333,47579.66667,0.06950066,0.050192397
PE,2023-05,83938.33333,47579.66667,0.06950066,0.050192397
PE,2023-06,83938.33333,47579.66667,0.06950066,0.050192397
PE,2023-07,83156,46608.66667,-0.009320334,-0.020407877
PE,2023-08,83156,46608.66667,-0.009320334,-0.020407877
PE,2023-09,83156,46608.66667,-0.009320334,-0.020407877
PE,2023-10,88375.33333,48434,0.062765565,0.03916296
PE,2023-11,88375.33333,48434,0.062765565,0.03916296
PE,2023-12,88375.33333,48434,0.062765565,0.03916296
AR,2018-01,1038149.2,58943.7,10.74704706,0.216990131
AR,2018-02,1038149.2,58943.7,10.74704706,0.216990131
AR,2018-03,1038149.2,58943.7,10.74704706,0.216990131
AR,2018-04,1202616.167,62285.7,0.158423247,0.056698171
AR,2018-05,1202616.167,62285.7,0.158423247,0.056698171
AR,2018-06,1202616.167,62285.7,0.158423247,0.056698171
AR,2018-07,1273022.967,58008.46667,0.058544698,-0.068671193
AR,2018-08,1273022.967,58008.46667,0.058544698,-0.068671193
AR,2018-09,1273022.967,58008.46667,0.058544698,-0.068671193
AR,2018-10,1401148.567,56554.63333,0.100646731,-0.025062433
AR,2018-11,1401148.567,56554.63333,0.100646731,-0.025062433
AR,2018-12,1401148.567,56554.63333,0.100646731,-0.025062433
AR,2019-01,1457009.067,55487.4,0.03986765,-0.018870838
AR,2019-02,1457009.067,55487.4,0.03986765,-0.018870838
AR,2019-03,1457009.067,55487.4,0.03986765,-0.018870838
AR,2019-04,1769463.167,62648.7,0.214448974,0.129061733
AR,2019-05,1769463.167,62648.7,0.214448974,0.129061733
AR,2019-06,1769463.167,62648.7,0.214448974,0.129061733
AR,2019-07,1858657,56991.73333,0.050407285,-0.090296633
AR,2019-08,1858657,56991.73333,0.050407285,-0.090296633
AR,2019-09,1858657,56991.73333,0.050407285,-0.090296633
AR,2019-10,2101018.8,55946.76667,0.130396195,-0.018335408
AR,2019-11,2101018.8,55946.76667,0.130396195,-0.018335408
AR,2019-12,2101018.8,55946.76667,0.130396195,-0.018335408
AR,2020-01,2083332.333,52699.1,-0.008418043,-0.058049229
AR,2020-02,2083332.333,52699.1,-0.008418043,-0.058049229
AR,2020-03,2083332.333,52699.1,-0.008418043,-0.058049229
AR,2020-04,2002113.5,50781.66667,-0.038985059,-0.036384556
AR,2020-05,2002113.5,50781.66667,-0.038985059,-0.036384556
AR,2020-06,2002113.5,50781.66667,-0.038985059,-0.036384556
AR,2020-07,2294698.3,51182.7,0.146137969,0.007897207
AR,2020-08,2294698.3,51182.7,0.146137969,0.007897207
AR,2020-09,2294698.3,51182.7,0.146137969,0.007897207
AR,2020-10,2689793.933,53533.6,0.172177594,0.045931535
AR,2020-11,2689793.933,53533.6,0.172177594,0.045931535
AR,2020-12,2689793.933,53533.6,0.172177594,0.045931535
AR,2021-01,3076022.967,54510.13333,0.143590566,0.018241503
AR,2021-02,3076022.967,54510.13333,0.143590566,0.018241503
AR,2021-03,3076022.967,54510.13333,0.143590566,0.018241503
AR,2021-04,3881441.867,60314.03333,0.261837739,0.106473781
AR,2021-05,3881441.867,60314.03333,0.261837739,0.106473781
AR,2021-06,3881441.867,60314.03333,0.261837739,0.106473781
AR,2021-07,3960070.4,57304.9,0.020257558,-0.049891098
AR,2021-08,3960070.4,57304.9,0.020257558,-0.049891098
AR,2021-09,3960070.4,57304.9,0.020257558,-0.049891098
AR,2021-10,4531207.233,58382.63333,0.144223909,0.018807001
AR,2021-11,4531207.233,58382.63333,0.144223909,0.018807001
AR,2021-12,4531207.233,58382.63333,0.144223909,0.018807001
AR,2022-01,4994353.4,57654.26667,0.102212533,-0.012475742
AR,2022-02,4994353.4,57654.26667,0.102212533,-0.012475742
AR,2022-03,4994353.4,57654.26667,0.102212533,-0.012475742
AR,2022-04,6524230.3,64429.96667,0.306321315,0.117522959
AR,2022-05,6524230.3,64429.96667,0.306321315,0.117522959
AR,2022-06,6524230.3,64429.96667,0.306321315,0.117522959
AR,2022-07,7298688.6,60585.83333,0.11870493,-0.059663749
AR,2022-08,7298688.6,60585.83333,0.11870493,-0.059663749
AR,2022-09,7298688.6,60585.83333,0.11870493,-0.059663749
AR,2022-10,8661538.967,59266.63333,0.186725375,-0.021774067
AR,2022-11,8661538.967,59266.63333,0.186725375,-0.021774067
AR,2022-12,8661538.967,59266.63333,0.186725375,-0.021774067
AR,2023-01,9854481.567,58476.66667,0.137728711,-0.013329029
AR,2023-02,9854481.567,58476.66667,0.137728711,-0.013329029
AR,2023-03,9854481.567,58476.66667,0.137728711,-0.013329029
AR,2023-04,13193347.3,61183.9,0.338816985,0.046295959
AR,2023-05,13193347.3,61183.9,0.338816985,0.046295959
AR,2023-06,13193347.3,61183.9,0.338816985,0.046295959
AR,2023-07,16833849.3,60112.76667,0.275934675,-0.017506784
AR,2023-08,16833849.3,60112.76667,0.275934675,-0.017506784
AR,2023-09,16833849.3,60112.76667,0.275934675,-0.017506784
AR,2023-10,16833849.3,60112.76667,0.275934675,-0.017506784
AR,2023-11,16833849.3,60112.76667,0.275934675,-0.017506784
AR,2023-12,16833849.3,60112.76667,0.275934675,-0.017506784
BR,2018-01,560694.3667,97320.5,-0.966692445,0.618965577
BR,2018-02,560694.3667,97320.5,-0.966692445,0.618965577
BR,2018-03,560694.3667,97320.5,-0.966692445,0.618965577
BR,2018-04,578033,98669.06667,0.030923502,0.013856964
BR,2018-05,578033,98669.06667,0.030923502,0.013856964
BR,2018-06,578033,98669.06667,0.030923502,0.013856964
BR,2018-07,589285.2333,101033.9667,0.01946642,0.023967998
BR,2018-08,589285.2333,101033.9667,0.01946642,0.023967998
BR,2018-09,589285.2333,101033.9667,0.01946642,0.023967998
BR,2018-10,606701.0667,99526,0.029554166,-0.014925344
BR,2018-11,606701.0667,99526,0.029554166,-0.014925344
BR,2018-12,606701.0667,99526,0.029554166,-0.014925344
BR,2019-01,585851.1667,98197.66667,-0.034366018,-0.013346596
BR,2019-02,585851.1667,98197.66667,-0.034366018,-0.013346596
BR,2019-03,585851.1667,98197.66667,-0.034366018,-0.013346596
BR,2019-04,608920.4,99826,0.039377293,0.0165822
BR,2019-05,608920.4,99826,0.039377293,0.0165822
BR,2019-06,608920.4,99826,0.039377293,0.0165822
BR,2019-07,626870.0667,102154.9667,0.029477854,0.023330261
BR,2019-08,626870.0667,102154.9667,0.029477854,0.023330261
BR,2019-09,626870.0667,102154.9667,0.029477854,0.023330261
BR,2019-10,641402,101211.8667,0.023181731,-0.009232052
BR,2019-11,641402,101211.8667,0.023181731,-0.009232052
BR,2019-12,641402,101211.8667,0.023181731,-0.009232052
BR,2020-01,622698.1667,98604.2,-0.029160859,-0.025764436
BR,2020-02,622698.1667,98604.2,-0.029160859,-0.025764436
BR,2020-03,622698.1667,98604.2,-0.029160859,-0.025764436
BR,2020-04,584241.2,89705.93333,-0.061758599,-0.090242268
BR,2020-05,584241.2,89705.93333,-0.061758599,-0.090242268
BR,2020-06,584241.2,89705.93333,-0.061758599,-0.090242268
BR,2020-07,643107.8,99053.86667,0.100757358,0.104206411
BR,2020-08,643107.8,99053.86667,0.100757358,0.104206411
BR,2020-09,643107.8,99053.86667,0.100757358,0.104206411
BR,2020-10,686485.1333,100873.9,0.067449553,0.018374178
BR,2020-11,686485.1333,100873.9,0.067449553,0.018374178
BR,2020-12,686485.1333,100873.9,0.067449553,0.018374178
BR,2021-01,718890.0333,100329.5333,0.047204081,-0.005396507
BR,2021-02,718890.0333,100329.5333,0.047204081,-0.005396507
BR,2021-03,718890.0333,100329.5333,0.047204081,-0.005396507
BR,2021-04,734546.2667,100826.3667,0.021778342,0.004952015
BR,2021-05,734546.2667,100826.3667,0.021778342,0.004952015
BR,2021-06,734546.2667,100826.3667,0.021778342,0.004952015
BR,2021-07,765283.7,103226.9667,0.041845469,0.023809248
BR,2021-08,765283.7,103226.9667,0.041845469,0.023809248
BR,2021-09,765283.7,103226.9667,0.041845469,0.023809248
BR,2021-10,785327.3667,102345.2667,0.026191158,-0.008541373
BR,2021-11,785327.3667,102345.2667,0.026191158,-0.008541373
BR,2021-12,785327.3667,102345.2667,0.026191158,-0.008541373
BR,2022-01,773176.0333,101807.7667,-0.015472953,-0.005251831
BR,2022-02,773176.0333,101807.7667,-0.015472953,-0.005251831
BR,2022-03,773176.0333,101807.7667,-0.015472953,-0.005251831
BR,2022-04,839160.4667,104399.5,0.085342057,0.025457128
BR,2022-05,839160.4667,104399.5,0.085342057,0.025457128
BR,2022-06,839160.4667,104399.5,0.085342057,0.025457128
BR,2022-07,867060.6667,107688.2667,0.033247753,0.031501747
BR,2022-08,867060.6667,107688.2667,0.033247753,0.031501747
BR,2022-09,867060.6667,107688.2667,0.033247753,0.031501747
BR,2022-10,880495.0333,105102.3333,0.015494148,-0.024013139
BR,2022-11,880495.0333,105102.3333,0.015494148,-0.024013139
BR,2022-12,880495.0333,105102.3333,0.015494148,-0.024013139
BR,2023-01,860901.9,106105.2667,-0.022252406,0.009542446
BR,2023-02,860901.9,106105.2667,-0.022252406,0.009542446
BR,2023-03,860901.9,106105.2667,-0.022252406,0.009542446
BR,2023-04,900368.3,108020.1333,0.045843086,0.018046858
BR,2023-05,900368.3,108020.1333,0.045843086,0.018046858
BR,2023-06,900368.3,108020.1333,0.045843086,0.018046858
BR,2023-07,913653.8,109798.6333,0.014755628,0.016464523
BR,2023-08,913653.8,109798.6333,0.014755628,0.016464523
BR,2023-09,913653.8,109798.6333,0.014755628,0.016464523
BR,2023-10,913653.8,109798.6333,0.014755628,0.016464523
BR,2023-11,913653.8,109798.6333,0.014755628,0.016464523
BR,2023-12,913653.8,109798.6333,0.014755628,0.016464523
CL,2018-01,15662090.67,15503957.33,16.14225965,140.2035547
CL,2018-02,15662090.67,15503957.33,16.14225965,140.2035547
CL,2018-03,15662090.67,15503957.33,16.14225965,140.2035547
CL,2018-04,15677897.33,15902536,0.001009231,0.025708189
CL,2018-05,15677897.33,15902536,0.001009231,0.025708189
CL,2018-06,15677897.33,15902536,0.001009231,0.025708189
CL,2018-07,15013840,15067588,-0.042356275,-0.052504079
CL,2018-08,15013840,15067588,-0.042356275,-0.052504079
CL,2018-09,15013840,15067588,-0.042356275,-0.052504079
CL,2018-10,16791128,16670876,0.118376644,0.106406414
CL,2018-11,16791128,16670876,0.118376644,0.106406414
CL,2018-12,16791128,16670876,0.118376644,0.106406414
CL,2019-01,16166820,15689932,-0.037180825,-0.058841779
CL,2019-02,16166820,15689932,-0.037180825,-0.058841779
CL,2019-03,16166820,15689932,-0.037180825,-0.058841779
CL,2019-04,16172124,16092709.33,0.000328079,0.025671069
CL,2019-05,16172124,16092709.33,0.000328079,0.025671069
CL,2019-06,16172124,16092709.33,0.000328079,0.025671069
CL,2019-07,15819412,15546952,-0.021809875,-0.033913328
CL,2019-08,15819412,15546952,-0.021809875,-0.033913328
CL,2019-09,15819412,15546952,-0.021809875,-0.033913328
CL,2019-10,17018885.33,16215932,0.075822877,0.043029656
CL,2019-11,17018885.33,16215932,0.075822877,0.043029656
CL,2019-12,17018885.33,16215932,0.075822877,0.043029656
CL,2020-01,17024333.33,15653254.67,0.000320115,-0.034699044
CL,2020-02,17024333.33,15653254.67,0.000320115,-0.034699044
CL,2020-03,17024333.33,15653254.67,0.000320115,-0.034699044
CL,2020-04,15329569.33,13686409.33,-0.099549508,-0.125650887
CL,2020-05,15329569.33,13686409.33,-0.099549508,-0.125650887
CL,2020-06,15329569.33,13686409.33,-0.099549508,-0.125650887
CL,2020-07,15813313.33,14073933.33,0.031556268,0.028314512
CL,2020-08,15813313.33,14073933.33,0.031556268,0.028314512
CL,2020-09,15813313.33,14073933.33,0.031556268,0.028314512
CL,2020-10,18918697.33,16228025.33,0.19637782,0.153055436
CL,2020-11,18918697.33,16228025.33,0.19637782,0.153055436
CL,2020-12,18918697.33,16228025.33,0.19637782,0.153055436
CL,2021-01,18745029.33,15736801.33,-0.009179702,-0.030270103
CL,2021-02,18745029.33,15736801.33,-0.009179702,-0.030270103
CL,2021-03,18745029.33,15736801.33,-0.009179702,-0.030270103
CL,2021-04,18996982.67,16191264,0.013441074,0.028878973
CL,2021-05,18996982.67,16191264,0.013441074,0.028878973
CL,2021-06,18996982.67,16191264,0.013441074,0.028878973
CL,2021-07,19726260,16360542.67,0.038389114,0.010454938
CL,2021-08,19726260,16360542.67,0.038389114,0.010454938
CL,2021-09,19726260,16360542.67,0.038389114,0.010454938
CL,2021-10,22385722.67,18112770.67,0.134818393,0.107100848
CL,2021-11,22385722.67,18112770.67,0.134818393,0.107100848
CL,2021-12,22385722.67,18112770.67,0.134818393,0.107100848
CL,2022-01,21285493.33,16728694.67,-0.049148707,-0.076414372
CL,2022-02,21285493.33,16728694.67,-0.049148707,-0.076414372
CL,2022-03,21285493.33,16728694.67,-0.049148707,-0.076414372
CL,2022-04,21205320,16903054.67,-0.003766572,0.01042281
CL,2022-05,21205320,16903054.67,-0.003766572,0.01042281
CL,2022-06,21205320,16903054.67,-0.003766572,0.01042281
CL,2022-07,21573857.33,16447952,0.017379475,-0.026924285
CL,2022-08,21573857.33,16447952,0.017379475,-0.026924285
CL,2022-09,21573857.33,16447952,0.017379475,-0.026924285
CL,2022-10,23882882.67,17688710.67,0.107028859,0.07543545
CL,2022-11,23882882.67,17688710.67,0.107028859,0.07543545
CL,2022-12,23882882.67,17688710.67,0.107028859,0.07543545
CL,2023-01,23403792,16777060,-0.020060002,-0.051538559
CL,2023-02,23403792,16777060,-0.020060002,-0.051538559
CL,2023-03,23403792,16777060,-0.020060002,-0.051538559
CL,2023-04,22945453.33,16836512,-0.019583949,0.003543648
CL,2023-05,22945453.33,16836512,-0.019583949,0.003543648
CL,2023-06,22945453.33,16836512,-0.019583949,0.003543648
CL,2023-07,22776773.33,16541698.67,-0.007351347,-0.017510357
CL,2023-08,22776773.33,16541698.67,-0.007351347,-0.017510357
CL,2023-09,22776773.33,16541698.67,-0.007351347,-0.017510357
CL,2023-10,24830752,17761404,0.09017865,0.073735192
CL,2023-11,24830752,17761404,0.09017865,0.073735192
CL,2023-12,24830752,17761404,0.09017865,0.073735192
CO,2018-01,78706038.07,67075623.37,2.169700139,2.776482049
CO,2018-02,78706038.07,67075623.37,2.169700139,2.776482049
CO,2018-03,78706038.07,67075623.37,2.169700139,2.776482049
CO,2018-04,79110433.6,69733377.63,0.00513805,0.039623251
CO,2018-05,79110433.6,69733377.63,0.00513805,0.039623251
CO,2018-06,79110433.6,69733377.63,0.00513805,0.039623251
CO,2018-07,84584128.67,72090238.33,0.069190558,0.033798172
CO,2018-08,84584128.67,72090238.33,0.069190558,0.033798172
CO,2018-09,84584128.67,72090238.33,0.069190558,0.033798172
CO,2018-10,86863066.37,75770094.03,0.026942852,0.051045132
CO,2018-11,86863066.37,75770094.03,0.026942852,0.051045132
CO,2018-12,86863066.37,75770094.03,0.026942852,0.051045132
CO,2019-01,83981810.33,69458327.13,-0.033170094,-0.083301558
CO,2019-02,83981810.33,69458327.13,-0.033170094,-0.083301558
CO,2019-03,83981810.33,69458327.13,-0.033170094,-0.083301558
CO,2019-04,85133413.1,71905878.6,0.013712526,0.035237697
CO,2019-05,85133413.1,71905878.6,0.013712526,0.035237697
CO,2019-06,85133413.1,71905878.6,0.013712526,0.035237697
CO,2019-07,90656081.3,74363481.93,0.064870748,0.034178059
CO,2019-08,90656081.3,74363481.93,0.064870748,0.034178059
CO,2019-09,90656081.3,74363481.93,0.064870748,0.034178059
CO,2019-10,93584695.23,78013645.67,0.032304661,0.049085433
CO,2019-11,93584695.23,78013645.67,0.032304661,0.049085433
CO,2019-12,93584695.23,78013645.67,0.032304661,0.049085433
CO,2020-01,87507466.43,69815734.97,-0.064938276,-0.105083036
CO,2020-02,87507466.43,69815734.97,-0.064938276,-0.105083036
CO,2020-03,87507466.43,69815734.97,-0.064938276,-0.105083036
CO,2020-04,70686268.73,59777580.9,-0.192225857,-0.143780683
CO,2020-05,70686268.73,59777580.9,-0.192225857,-0.143780683
CO,2020-06,70686268.73,59777580.9,-0.192225857,-0.143780683
CO,2020-07,82746497.27,67542095.93,0.170616284,0.129890084
CO,2020-08,82746497.27,67542095.93,0.170616284,0.129890084
CO,2020-09,82746497.27,67542095.93,0.170616284,0.129890084
CO,2020-10,91640434.27,75302921.53,0.107484151,0.114903535
CO,2020-11,91640434.27,75302921.53,0.107484151,0.114903535
CO,2020-12,91640434.27,75302921.53,0.107484151,0.114903535
CO,2021-01,91563348.67,70960858.07,-0.000841175,-0.057661288
CO,2021-02,91563348.67,70960858.07,-0.000841175,-0.057661288
CO,2021-03,91563348.67,70960858.07,-0.000841175,-0.057661288
CO,2021-04,90977942.77,71111089.37,-0.006393452,0.002117101
CO,2021-05,90977942.77,71111089.37,-0.006393452,0.002117101
CO,2021-06,90977942.77,71111089.37,-0.006393452,0.002117101
CO,2021-07,102829268.4,76692564.8,0.130265922,0.078489522
CO,2021-08,102829268.4,76692564.8,0.130265922,0.078489522
CO,2021-09,102829268.4,76692564.8,0.130265922,0.078489522
CO,2021-10,112158106.9,83686154.43,0.090721627,0.09118993
CO,2021-11,112158106.9,83686154.43,0.090721627,0.09118993
CO,2021-12,112158106.9,83686154.43,0.090721627,0.09118993
CO,2022-01,112494256.3,76765067.5,0.002997103,-0.082702891
CO,2022-02,112494256.3,76765067.5,0.002997103,-0.082702891
CO,2022-03,112494256.3,76765067.5,0.002997103,-0.082702891
CO,2022-04,117547648.3,79826651.27,0.044921334,0.039882513
CO,2022-05,117547648.3,79826651.27,0.044921334,0.039882513
CO,2022-06,117547648.3,79826651.27,0.044921334,0.039882513
CO,2022-07,127532203.9,82368276.5,0.084940496,0.031839307
CO,2022-08,127532203.9,82368276.5,0.084940496,0.031839307
CO,2022-09,127532203.9,82368276.5,0.084940496,0.031839307
CO,2022-10,129933371.4,85438194.2,0.01882793,0.037270632
CO,2022-11,129933371.4,85438194.2,0.01882793,0.037270632
CO,2022-12,129933371.4,85438194.2,0.01882793,0.037270632
CO,2023-01,128155595.6,79100243.37,-0.01368221,-0.074181704
CO,2023-02,128155595.6,79100243.37,-0.01368221,-0.074181704
CO,2023-03,128155595.6,79100243.37,-0.01368221,-0.074181704
CO,2023-04,126109760.8,80153225.07,-0.01596368,0.013311991
CO,2023-05,126109760.8,80153225.07,-0.01596368,0.013311991
CO,2023-06,126109760.8,80153225.07,-0.01596368,0.013311991
CO,2023-07,132325211.3,82145868.23,0.049286039,0.024860424
CO,2023-08,132325211.3,82145868.23,0.049286039,0.024860424
CO,2023-09,132325211.3,82145868.23,0.049286039,0.024860424
CO,2023-10,132325211.3,82145868.23,0.049286039,0.024860424
CO,2023-11,132325211.3,82145868.23,0.049286039,0.024860424
CO,2023-12,132325211.3,82145868.23,0.049286039,0.024860424
CR,2018-01,3106798.733,2937874.733,-0.97652149,-0.964235879
CR,2018-02,3106798.733,2937874.733,-0.97652149,-0.964235879
CR,2018-03,3106798.733,2937874.733,-0.97652149,-0.964235879
CR,2018-04,2953340.1,2941292.533,-0.049394456,0.001163358
CR,2018-05,2953340.1,2941292.533,-0.049394456,0.001163358
CR,2018-06,2953340.1,2941292.533,-0.049394456,0.001163358
CR,2018-07,2873617.967,2882611,-0.026993888,-0.019950934
CR,2018-08,2873617.967,2882611,-0.026993888,-0.019950934
CR,2018-09,2873617.967,2882611,-0.026993888,-0.019950934
CR,2018-10,3071149.467,2985569.9,0.068739652,0.035717237
CR,2018-11,3071149.467,2985569.9,0.068739652,0.035717237
CR,2018-12,3071149.467,2985569.9,0.068739652,0.035717237
CR,2019-01,3170828.667,3004814.533,0.032456642,0.006445883
CR,2019-02,3170828.667,3004814.533,0.032456642,0.006445883
CR,2019-03,3170828.667,3004814.533,0.032456642,0.006445883
CR,2019-04,3065516.9,2963031.067,-0.033212695,-0.013905506
CR,2019-05,3065516.9,2963031.067,-0.033212695,-0.013905506
CR,2019-06,3065516.9,2963031.067,-0.033212695,-0.013905506
CR,2019-07,3075567.8,2955929.4,0.003278697,-0.002396757
CR,2019-08,3075567.8,2955929.4,0.003278697,-0.002396757
CR,2019-09,3075567.8,2955929.4,0.003278697,-0.002396757
CR,2019-10,3298803.2,3107566.7,0.072583475,0.051299365
CR,2019-11,3298803.2,3107566.7,0.072583475,0.051299365
CR,2019-12,3298803.2,3107566.7,0.072583475,0.051299365
CR,2020-01,3281299.9,3054045.067,-0.005305955,-0.017223004
CR,2020-02,3281299.9,3054045.067,-0.005305955,-0.017223004
CR,2020-03,3281299.9,3054045.067,-0.005305955,-0.017223004
CR,2020-04,2760827.867,2725621.1,-0.158617636,-0.107537367
CR,2020-05,2760827.867,2725621.1,-0.158617636,-0.107537367
CR,2020-06,2760827.867,2725621.1,-0.158617636,-0.107537367
CR,2020-07,2873143.367,2756341.967,0.040681819,0.011271144
CR,2020-08,2873143.367,2756341.967,0.040681819,0.011271144
CR,2020-09,2873143.367,2756341.967,0.040681819,0.011271144
CR,2020-10,3249810.933,2981191.7,0.131099468,0.081575413
CR,2020-11,3249810.933,2981191.7,0.131099468,0.081575413
CR,2020-12,3249810.933,2981191.7,0.131099468,0.081575413
CR,2021-01,3293095.933,3023629.9,0.013319236,0.014235314
CR,2021-02,3293095.933,3023629.9,0.013319236,0.014235314
CR,2021-03,3293095.933,3023629.9,0.013319236,0.014235314
CR,2021-04,3161492.633,3006425.667,-0.039963397,-0.005689927
CR,2021-05,3161492.633,3006425.667,-0.039963397,-0.005689927
CR,2021-06,3161492.633,3006425.667,-0.039963397,-0.005689927
CR,2021-07,3338632.6,3104674.867,0.056030485,0.032679737
CR,2021-08,3338632.6,3104674.867,0.056030485,0.032679737
CR,2021-09,3338632.6,3104674.867,0.056030485,0.032679737
CR,2021-10,3648987.467,3296447,0.092958676,0.06176883
CR,2021-11,3648987.467,3296447,0.092958676,0.06176883
CR,2021-12,3648987.467,3296447,0.092958676,0.06176883
CR,2022-01,3662811.4,3227336.633,0.00378843,-0.020965108
CR,2022-02,3662811.4,3227336.633,0.00378843,-0.020965108
CR,2022-03,3662811.4,3227336.633,0.00378843,-0.020965108
CR,2022-04,3557211.167,3138019.267,-0.028830377,-0.027675256
CR,2022-05,3557211.167,3138019.267,-0.028830377,-0.027675256
CR,2022-06,3557211.167,3138019.267,-0.028830377,-0.027675256
CR,2022-07,3719975.9,3188176.5,0.045756275,0.015983724
CR,2022-08,3719975.9,3188176.5,0.045756275,0.015983724
CR,2022-09,3719975.9,3188176.5,0.045756275,0.015983724
CR,2022-10,3996678.4,3443449.033,0.074382874,0.080068507
CR,2022-11,3996678.4,3443449.033,0.074382874,0.080068507
CR,2022-12,3996678.4,3443449.033,0.074382874,0.080068507
CR,2023-01,3927400.3,3359385.033,-0.017333919,-0.024412732
CR,2023-02,3927400.3,3359385.033,-0.017333919,-0.024412732
CR,2023-03,3927400.3,3359385.033,-0.017333919,-0.024412732
CR,2023-04,3714231.267,3317055.233,-0.054277389,-0.012600461
CR,2023-05,3714231.267,3317055.233,-0.054277389,-0.012600461
CR,2023-06,3714231.267,3317055.233,-0.054277389,-0.012600461
CR,2023-07,3862265.3,3364660.933,0.039855901,0.014351796
CR,2023-08,3862265.3,3364660.933,0.039855901,0.014351796
CR,2023-09,3862265.3,3364660.933,0.039855901,0.014351796
CR,2023-10,4182527.2,3620275.8,0.082920741,0.075970468
CR,2023-11,4182527.2,3620275.8,0.082920741,0.075970468
CR,2023-12,4182527.2,3620275.8,0.082920741,0.075970468
DE,2018-01,274506.6667,244102.4422,-0.934368229,-0.932573523
DE,2018-02,274506.6667,244102.4422,-0.934368229,-0.932573523
DE,2018-03,274506.6667,244102.4422,-0.934368229,-0.932573523
DE,2018-04,277850,245310.6389,0.012179425,0.004949548
DE,2018-05,277850,245310.6389,0.012179425,0.004949548
DE,2018-06,277850,245310.6389,0.012179425,0.004949548
DE,2018-07,280753.3333,246100.6135,0.010449283,0.003220303
DE,2018-08,280753.3333,246100.6135,0.010449283,0.003220303
DE,2018-09,280753.3333,246100.6135,0.010449283,0.003220303
DE,2018-10,288706.6667,249655.5039,0.028328545,0.014444866
DE,2018-11,288706.6667,249655.5039,0.028328545,0.014444866
DE,2018-12,288706.6667,249655.5039,0.028328545,0.014444866
DE,2019-01,283743.3333,247541.1574,-0.017191613,-0.008469056
DE,2019-02,283743.3333,247541.1574,-0.017191613,-0.008469056
DE,2019-03,283743.3333,247541.1574,-0.017191613,-0.008469056
DE,2019-04,284280,245659.1583,0.001891381,-0.007602773
DE,2019-05,284280,245659.1583,0.001891381,-0.007602773
DE,2019-06,284280,245659.1583,0.001891381,-0.007602773
DE,2019-07,292750,251026.3452,0.029794569,0.021848104
DE,2019-08,292750,251026.3452,0.029794569,0.021848104
DE,2019-09,292750,251026.3452,0.029794569,0.021848104
DE,2019-10,297263.3333,251491.0367,0.015417022,0.001851166
DE,2019-11,297263.3333,251491.0367,0.015417022,0.001851166
DE,2019-12,297263.3333,251491.0367,0.015417022,0.001851166
DE,2020-01,288103.3333,244822.7142,-0.030814429,-0.02651515
DE,2020-02,288103.3333,244822.7142,-0.030814429,-0.02651515
DE,2020-03,288103.3333,244822.7142,-0.030814429,-0.02651515
DE,2020-04,262133.3333,219473.7931,-0.090141269,-0.103539907
DE,2020-05,262133.3333,219473.7931,-0.090141269,-0.103539907
DE,2020-06,262133.3333,219473.7931,-0.090141269,-0.103539907
DE,2020-07,287763.3333,244822.7142,0.097774669,0.115498624
DE,2020-08,287763.3333,244822.7142,0.097774669,0.115498624
DE,2020-09,287763.3333,244822.7142,0.097774669,0.115498624
DE,2020-10,296576.6667,248470.5404,0.03062702,0.014899868
DE,2020-11,296576.6667,248470.5404,0.03062702,0.014899868
DE,2020-12,296576.6667,248470.5404,0.03062702,0.014899868
DE,2021-01,288193.3333,240640.4908,-0.028267002,-0.03151299
DE,2021-02,288193.3333,240640.4908,-0.028267002,-0.03151299
DE,2021-03,288193.3333,240640.4908,-0.028267002,-0.03151299
DE,2021-04,294070,244055.9728,0.020391404,0.014193297
DE,2021-05,294070,244055.9728,0.020391404,0.014193297
DE,2021-06,294070,244055.9728,0.020391404,0.014193297
DE,2021-07,307646.6667,250724.2952,0.046168146,0.027322923
DE,2021-08,307646.6667,250724.2952,0.046168146,0.027322923
DE,2021-09,307646.6667,250724.2952,0.046168146,0.027322923
DE,2021-10,315906.6667,252513.3586,0.026848983,0.00713558
DE,2021-11,315906.6667,252513.3586,0.026848983,0.00713558
DE,2021-12,315906.6667,252513.3586,0.026848983,0.00713558
DE,2022-01,314446.6667,251003.1089,-0.004621618,-0.00598087
DE,2022-02,314446.6667,251003.1089,-0.004621618,-0.00598087
DE,2022-03,314446.6667,251003.1089,-0.004621618,-0.00598087
DE,2022-04,316760,247982.6157,0.007356838,-0.012033688
DE,2022-05,316760,247982.6157,0.007356838,-0.012033688
DE,2022-06,316760,247982.6157,0.007356838,-0.012033688
DE,2022-07,325526.6667,253744.7884,0.027676053,0.023236196
DE,2022-08,325526.6667,253744.7884,0.027676053,0.023236196
DE,2022-09,325526.6667,253744.7884,0.027676053,0.023236196
DE,2022-10,335536.6667,253024.5195,0.030750169,-0.002838556
DE,2022-11,335536.6667,253024.5195,0.030750169,-0.002838556
DE,2022-12,335536.6667,253024.5195,0.030750169,-0.002838556
DE,2023-01,337110,251769.8503,0.004689006,-0.004958686
DE,2023-02,337110,251769.8503,0.004689006,-0.004958686
DE,2023-03,337110,251769.8503,0.004689006,-0.004958686
DE,2023-04,336023.3333,246983.5301,-0.003223478,-0.019010697
DE,2023-05,336023.3333,246983.5301,-0.003223478,-0.019010697
DE,2023-06,336023.3333,246983.5301,-0.003223478,-0.019010697
DE,2023-07,344906.6667,251955.7282,0.026436656,0.020131699
DE,2023-08,344906.6667,251955.7282,0.026436656,0.020131699
DE,2023-09,344906.6667,251955.7282,0.026436656,0.020131699
DE,2023-10,355680,251978.9614,0.031235503,9.22E-05
DE,2023-11,355680,251978.9614,0.031235503,9.22E-05
DE,2023-12,355680,251978.9614,0.031235503,9.22E-05
EC,2018-01,8490.473912,8417.150297,-0.976128897,-0.966595821
EC,2018-02,8490.473912,8417.150297,-0.976128897,-0.966595821
EC,2018-03,8490.473912,8417.150297,-0.976128897,-0.966595821
EC,2018-04,8767.919451,8805.599616,0.032677274,0.046149742
EC,2018-05,8767.919451,8805.599616,0.032677274,0.046149742
EC,2018-06,8767.919451,8805.599616,0.032677274,0.046149742
EC,2018-07,8914.865483,8870.773087,0.01675951,0.007401367
EC,2018-08,8914.865483,8870.773087,0.01675951,0.007401367
EC,2018-09,8914.865483,8870.773087,0.01675951,0.007401367
EC,2018-10,9653.061487,9732.797333,0.082805064,0.097175775
EC,2018-11,9653.061487,9732.797333,0.082805064,0.097175775
EC,2018-12,9653.061487,9732.797333,0.082805064,0.097175775
EC,2019-01,8438.286139,8398.372012,-0.125843532,-0.137106042
EC,2019-02,8438.286139,8398.372012,-0.125843532,-0.137106042
EC,2019-03,8438.286139,8398.372012,-0.125843532,-0.137106042
EC,2019-04,8834.990535,8840.18864,0.047012437,0.052607413
EC,2019-05,8834.990535,8840.18864,0.047012437,0.052607413
EC,2019-06,8834.990535,8840.18864,0.047012437,0.052607413
EC,2019-07,8860.520561,8903.101038,0.00288965,0.007116635
EC,2019-08,8860.520561,8903.101038,0.00288965,0.007116635
EC,2019-09,8860.520561,8903.101038,0.00288965,0.007116635
EC,2019-10,9731.479431,9743.916977,0.09829658,0.094440795
EC,2019-11,9731.479431,9743.916977,0.09829658,0.094440795
EC,2019-12,9731.479431,9743.916977,0.09829658,0.094440795
EC,2020-01,8400.067788,8432.585375,-0.136814927,-0.134579513
EC,2020-02,8400.067788,8432.585375,-0.136814927,-0.134579513
EC,2020-03,8400.067788,8432.585375,-0.136814927,-0.134579513
EC,2020-04,6727.184641,7111.785022,-0.199151148,-0.156630534
EC,2020-05,6727.184641,7111.785022,-0.199151148,-0.156630534
EC,2020-06,6727.184641,7111.785022,-0.199151148,-0.156630534
EC,2020-07,7760.226088,7921.454838,0.153562226,0.113849029
EC,2020-08,7760.226088,7921.454838,0.153562226,0.113849029
EC,2020-09,7760.226088,7921.454838,0.153562226,0.113849029
EC,2020-10,9067.67915,9102.097158,0.168481311,0.149043622
EC,2020-11,9067.67915,9102.097158,0.168481311,0.149043622
EC,2020-12,9067.67915,9102.097158,0.168481311,0.149043622
EC,2021-01,7933.921996,7988.629514,-0.125032782,-0.12233089
EC,2021-02,7933.921996,7988.629514,-0.125032782,-0.12233089
EC,2021-03,7933.921996,7988.629514,-0.125032782,-0.12233089
EC,2021-04,8646.320365,8697.074381,0.089791451,0.088681653
EC,2021-05,8646.320365,8697.074381,0.089791451,0.088681653
EC,2021-06,8646.320365,8697.074381,0.089791451,0.088681653
EC,2021-07,9027.000436,8990.245569,0.044027986,0.033709173
EC,2021-08,9027.000436,8990.245569,0.044027986,0.033709173
EC,2021-09,9027.000436,8990.245569,0.044027986,0.033709173
EC,2021-10,10204.4572,10089.62739,0.130437212,0.122286073
EC,2021-11,10204.4572,10089.62739,0.130437212,0.122286073
EC,2021-12,10204.4572,10089.62739,0.130437212,0.122286073
EC,2022-01,9064.164142,8823.192044,-0.111744607,-0.125518545
EC,2022-02,9064.164142,8823.192044,-0.111744607,-0.125518545
EC,2022-03,9064.164142,8823.192044,-0.111744607,-0.125518545
EC,2022-04,9441.658055,9208.152586,0.041646853,0.04363053
EC,2022-05,9441.658055,9208.152586,0.041646853,0.04363053
EC,2022-06,9441.658055,9208.152586,0.041646853,0.04363053
EC,2022-07,9769.162471,9598.866337,0.034687172,0.042431285
EC,2022-08,9769.162471,9598.866337,0.034687172,0.042431285
EC,2022-09,9769.162471,9598.866337,0.034687172,0.042431285
EC,2022-10,10587.04167,10347.87432,0.083720503,0.078030879
EC,2022-11,10587.04167,10347.87432,0.083720503,0.078030879
EC,2022-12,10587.04167,10347.87432,0.083720503,0.078030879
EC,2023-01,9434.153364,9259.492094,-0.108896171,-0.105179304
EC,2023-02,9434.153364,9259.492094,-0.108896171,-0.105179304
EC,2023-03,9434.153364,9259.492094,-0.108896171,-0.105179304
EC,2023-04,9828.325855,9699.460421,0.041781438,0.047515384
EC,2023-05,9828.325855,9699.460421,0.041781438,0.047515384
EC,2023-06,9828.325855,9699.460421,0.041781438,0.047515384
EC,2023-07,9880.765293,9688.019685,0.005335541,-0.001179523
EC,2023-08,9880.765293,9688.019685,0.005335541,-0.001179523
EC,2023-09,9880.765293,9688.019685,0.005335541,-0.001179523
EC,2023-10,10471.69775,10225.57978,0.059806345,0.055487097
EC,2023-11,10471.69775,10225.57978,0.059806345,0.055487097
EC,2023-12,10471.69775,10225.57978,0.059806345,0.055487097
ES,2018-01,95570.33333,92865.96326,8.126536651,8.081730845
ES,2018-02,95570.33333,92865.96326,8.126536651,8.081730845
ES,2018-03,95570.33333,92865.96326,8.126536651,8.081730845
ES,2018-04,101662,98338.6674,0.063740143,0.058931216
ES,2018-05,101662,98338.6674,0.063740143,0.058931216
ES,2018-06,101662,98338.6674,0.063740143,0.058931216
ES,2018-07,99012,96519.29319,-0.02606677,-0.018501107
ES,2018-08,99012,96519.29319,-0.02606677,-0.018501107
ES,2018-09,99012,96519.29319,-0.02606677,-0.018501107
ES,2018-10,105042,100021.5057,0.060901709,0.036285103
ES,2018-11,105042,100021.5057,0.060901709,0.036285103
ES,2018-12,105042,100021.5057,0.060901709,0.036285103
ES,2019-01,99757.33333,95439.59898,-0.050310035,-0.045809216
ES,2019-02,99757.33333,95439.59898,-0.050310035,-0.045809216
ES,2019-03,99757.33333,95439.59898,-0.050310035,-0.045809216
ES,2019-04,105265.3333,100200.1291,0.055213986,0.049880031
ES,2019-05,105265.3333,100200.1291,0.055213986,0.049880031
ES,2019-06,105265.3333,100200.1291,0.055213986,0.049880031
ES,2019-07,102013.3333,98318.12073,-0.030893362,-0.018782495
ES,2019-08,102013.3333,98318.12073,-0.030893362,-0.018782495
ES,2019-09,102013.3333,98318.12073,-0.030893362,-0.018782495
ES,2019-10,108135,101479.9876,0.060008496,0.032159554
ES,2019-11,108135,101479.9876,0.060008496,0.032159554
ES,2019-12,108135,101479.9876,0.060008496,0.032159554
ES,2020-01,96179.66667,91432.99894,-0.110559332,-0.099004631
ES,2020-02,96179.66667,91432.99894,-0.110559332,-0.099004631
ES,2020-03,96179.66667,91432.99894,-0.110559332,-0.099004631
ES,2020-04,83283,78207.24204,-0.134089326,-0.144649711
ES,2020-05,83283,78207.24204,-0.134089326,-0.144649711
ES,2020-06,83283,78207.24204,-0.134089326,-0.144649711
ES,2020-07,93740.33333,89378.33226,0.125563841,0.142839588
ES,2020-08,93740.33333,89378.33226,0.125563841,0.142839588
ES,2020-09,93740.33333,89378.33226,0.125563841,0.142839588
ES,2020-10,99800.33333,92259.83659,0.064646666,0.032239406
ES,2020-11,99800.33333,92259.83659,0.064646666,0.032239406
ES,2020-12,99800.33333,92259.83659,0.064646666,0.032239406
ES,2021-01,93970.66667,87756.47117,-0.058413299,-0.048811765
ES,2021-02,93970.66667,87756.47117,-0.058413299,-0.048811765
ES,2021-03,93970.66667,87756.47117,-0.058413299,-0.048811765
ES,2021-04,101101,93148.31423,0.075878288,0.061440974
ES,2021-05,101101,93148.31423,0.075878288,0.061440974
ES,2021-06,101101,93148.31423,0.075878288,0.061440974
ES,2021-07,101289.3333,94084.84456,0.001862824,0.010054184
ES,2021-08,101289.3333,94084.84456,0.001862824,0.010054184
ES,2021-09,101289.3333,94084.84456,0.001862824,0.010054184
ES,2021-10,111069,98781.74633,0.096551792,0.04992198
ES,2021-11,111069,98781.74633,0.096551792,0.04992198
ES,2021-12,111069,98781.74633,0.096551792,0.04992198
ES,2022-01,104939.3333,93940.0237,-0.055187916,-0.049014345
ES,2022-02,104939.3333,93940.0237,-0.055187916,-0.049014345
ES,2022-03,104939.3333,93940.0237,-0.055187916,-0.049014345
ES,2022-04,112358.6667,99612.89214,0.070701167,0.060388195
ES,2022-05,112358.6667,99612.89214,0.070701167,0.060388195
ES,2022-06,112358.6667,99612.89214,0.070701167,0.060388195
ES,2022-07,111487,99276.85472,-0.007757894,-0.003373433
ES,2022-08,111487,99276.85472,-0.007757894,-0.003373433
ES,2022-09,111487,99276.85472,-0.007757894,-0.003373433
ES,2022-10,120007.3333,102510.635,0.076424456,0.032573355
ES,2022-11,120007.3333,102510.635,0.076424456,0.032573355
ES,2022-12,120007.3333,102510.635,0.076424456,0.032573355
ES,2023-01,116552.3333,98136.84611,-0.028789907,-0.042666684
ES,2023-02,116552.3333,98136.84611,-0.028789907,-0.042666684
ES,2023-03,116552.3333,98136.84611,-0.028789907,-0.042666684
ES,2023-04,122212.3333,101736.1582,0.048561876,0.03667646
ES,2023-05,122212.3333,101736.1582,0.048561876,0.03667646
ES,2023-06,122212.3333,101736.1582,0.048561876,0.03667646
ES,2023-07,120062,100805.9244,-0.01759506,-0.009143591
ES,2023-08,120062,100805.9244,-0.01759506,-0.009143591
ES,2023-09,120062,100805.9244,-0.01759506,-0.009143591
ES,2023-10,128469.6667,104558.0109,0.070027708,0.037220893
ES,2023-11,128469.6667,104558.0109,0.070027708,0.037220893
ES,2023-12,128469.6667,104558.0109,0.070027708,0.037220893
GT,2018-01,45668.63827,41302.86949,-0.644518123,-0.604976518
GT,2018-02,45668.63827,41302.86949,-0.644518123,-0.604976518
GT,2018-03,45668.63827,41302.86949,-0.644518123,-0.604976518
GT,2018-04,44892.06979,41008.57695,-0.017004415,-0.007125232
GT,2018-05,44892.06979,41008.57695,-0.017004415,-0.007125232
GT,2018-06,44892.06979,41008.57695,-0.017004415,-0.007125232
GT,2018-07,45482.63455,40677.54191,0.013155214,-0.008072337
GT,2018-08,45482.63455,40677.54191,0.013155214,-0.008072337
GT,2018-09,45482.63455,40677.54191,0.013155214,-0.008072337
GT,2018-10,47746.0181,42158.9632,0.049763686,0.036418653
GT,2018-11,47746.0181,42158.9632,0.049763686,0.036418653
GT,2018-12,47746.0181,42158.9632,0.049763686,0.036418653
GT,2019-01,48334.04995,42850.22206,0.01231583,0.016396486
GT,2019-02,48334.04995,42850.22206,0.01231583,0.016396486
GT,2019-03,48334.04995,42850.22206,0.01231583,0.016396486
GT,2019-04,48337.5069,42559.48539,7.15E-05,-0.006784951
GT,2019-05,48337.5069,42559.48539,7.15E-05,-0.006784951
GT,2019-06,48337.5069,42559.48539,7.15E-05,-0.006784951
GT,2019-07,49231.63844,42322.51868,0.018497676,-0.005567894
GT,2019-08,49231.63844,42322.51868,0.018497676,-0.005567894
GT,2019-09,49231.63844,42322.51868,0.018497676,-0.005567894
GT,2019-10,52087.47799,44051.20154,0.058008217,0.040845463
GT,2019-11,52087.47799,44051.20154,0.058008217,0.040845463
GT,2019-12,52087.47799,44051.20154,0.058008217,0.040845463
GT,2020-01,50553.45783,43175.78957,-0.029450844,-0.019872601
GT,2020-02,50553.45783,43175.78957,-0.029450844,-0.019872601
GT,2020-03,50553.45783,43175.78957,-0.029450844,-0.019872601
GT,2020-04,45548.82967,38722.69565,-0.098996753,-0.103138679
GT,2020-05,45548.82967,38722.69565,-0.098996753,-0.103138679
GT,2020-06,45548.82967,38722.69565,-0.098996753,-0.103138679
GT,2020-07,50024.74868,41734.49328,0.098266389,0.077778615
GT,2020-08,50024.74868,41734.49328,0.098266389,0.077778615
GT,2020-09,50024.74868,41734.49328,0.098266389,0.077778615
GT,2020-10,53902.77826,45072.33463,0.07752222,0.079978001
GT,2020-11,53902.77826,45072.33463,0.07752222,0.079978001
GT,2020-12,53902.77826,45072.33463,0.07752222,0.079978001
GT,2021-01,54111.108,45108.46068,0.003864917,0.000801513
GT,2021-02,54111.108,45108.46068,0.003864917,0.000801513
GT,2021-03,54111.108,45108.46068,0.003864917,0.000801513
GT,2021-04,53731.34336,44685.12994,-0.007018238,-0.00938473
GT,2021-05,53731.34336,44685.12994,-0.007018238,-0.00938473
GT,2021-06,53731.34336,44685.12994,-0.007018238,-0.00938473
GT,2021-07,55405.59971,45148.3038,0.031159771,0.01036528
GT,2021-08,55405.59971,45148.3038,0.031159771,0.01036528
GT,2021-09,55405.59971,45148.3038,0.031159771,0.01036528
GT,2021-10,58607.92772,47263.90626,0.057797913,0.046858958
GT,2021-11,58607.92772,47263.90626,0.057797913,0.046858958
GT,2021-12,58607.92772,47263.90626,0.057797913,0.046858958
GT,2022-01,59491.95046,47257.95178,0.015083672,-0.000125984
GT,2022-02,59491.95046,47257.95178,0.015083672,-0.000125984
GT,2022-03,59491.95046,47257.95178,0.015083672,-0.000125984
GT,2022-04,59409.63332,46676.58093,-0.001383669,-0.012302075
GT,2022-05,59409.63332,46676.58093,-0.001383669,-0.012302075
GT,2022-06,59409.63332,46676.58093,-0.001383669,-0.012302075
GT,2022-07,61462.64014,46855.08546,0.0345568,0.003824285
GT,2022-08,61462.64014,46855.08546,0.0345568,0.003824285
GT,2022-09,61462.64014,46855.08546,0.0345568,0.003824285
GT,2022-10,65005.43597,48919.41685,0.057641452,0.044057787
GT,2022-11,65005.43597,48919.41685,0.057641452,0.044057787
GT,2022-12,65005.43597,48919.41685,0.057641452,0.044057787
GT,2023-01,66455.00671,49076.5976,0.022299223,0.003213054
GT,2023-02,66455.00671,49076.5976,0.022299223,0.003213054
GT,2023-03,66455.00671,49076.5976,0.022299223,0.003213054
GT,2023-04,66166.66652,48502.72835,-0.004338878,-0.011693338
GT,2023-05,66166.66652,48502.72835,-0.004338878,-0.011693338
GT,2023-06,66166.66652,48502.72835,-0.004338878,-0.011693338
GT,2023-07,66954.39229,48605.39808,0.011905175,0.002116782
GT,2023-08,66954.39229,48605.39808,0.011905175,0.002116782
GT,2023-09,66954.39229,48605.39808,0.011905175,0.002116782
GT,2023-10,66954.39229,48605.39808,0.011905175,0.002116782
GT,2023-11,66954.39229,48605.39808,0.011905175,0.002116782
GT,2023-12,66954.39229,48605.39808,0.011905175,0.002116782
MX,2018-01,1930726.833,1962617.6,27.83644773,39.37859327
MX,2018-02,1930726.833,1962617.6,27.83644773,39.37859327
MX,2018-03,1930726.833,1962617.6,27.83644773,39.37859327
MX,2018-04,2010520.733,2031817.3,0.041328425,0.035258881
MX,2018-05,2010520.733,2031817.3,0.041328425,0.035258881
MX,2018-06,2010520.733,2031817.3,0.041328425,0.035258881
MX,2018-07,2021966.2,2011569.567,0.005692787,-0.009965332
MX,2018-08,2021966.2,2011569.567,0.005692787,-0.009965332
MX,2018-09,2021966.2,2011569.567,0.005692787,-0.009965332
MX,2018-10,2095676.333,2052885.633,0.036454681,0.020539218
MX,2018-11,2095676.333,2052885.633,0.036454681,0.020539218
MX,2018-12,2095676.333,2052885.633,0.036454681,0.020539218
MX,2019-01,2046130.5,1984538.033,-0.02364193,-0.033293428
MX,2019-02,2046130.5,1984538.033,-0.02364193,-0.033293428
MX,2019-03,2046130.5,1984538.033,-0.02364193,-0.033293428
MX,2019-04,2089586.633,2017711.9,0.021238202,0.016716166
MX,2019-05,2089586.633,2017711.9,0.021238202,0.016716166
MX,2019-06,2089586.633,2017711.9,0.021238202,0.016716166
MX,2019-07,2099807.533,2004514.833,0.00489135,-0.00654061
MX,2019-08,2099807.533,2004514.833,0.00489135,-0.00654061
MX,2019-09,2099807.533,2004514.833,0.00489135,-0.00654061
MX,2019-10,2145511.433,2031870.5,0.021765757,0.013647026
MX,2019-11,2145511.433,2031870.5,0.021765757,0.013647026
MX,2019-12,2145511.433,2031870.5,0.021765757,0.013647026
MX,2020-01,2111237.2,1953662.2,-0.015974855,-0.03849079
MX,2020-02,2111237.2,1953662.2,-0.015974855,-0.03849079
MX,2020-03,2111237.2,1953662.2,-0.015974855,-0.03849079
MX,2020-04,1730437.967,1600093.033,-0.180367812,-0.180977636
MX,2020-05,1730437.967,1600093.033,-0.180367812,-0.180977636
MX,2020-06,1730437.967,1600093.033,-0.180367812,-0.180977636
MX,2020-07,2022072.633,1835865.7,0.168532286,0.147349349
MX,2020-08,2022072.633,1835865.7,0.168532286,0.147349349
MX,2020-09,2022072.633,1835865.7,0.168532286,0.147349349
MX,2020-10,2163507.5,1955717.767,0.069945493,0.065283679
MX,2020-11,2163507.5,1955717.767,0.069945493,0.065283679
MX,2020-12,2163507.5,1955717.767,0.069945493,0.065283679
MX,2021-01,2132334.9,1894895.133,-0.014408362,-0.031099903
MX,2021-02,2132334.9,1894895.133,-0.014408362,-0.031099903
MX,2021-03,2132334.9,1894895.133,-0.014408362,-0.031099903
MX,2021-04,2203703.7,1950039.7,0.033469789,0.029101646
MX,2021-05,2203703.7,1950039.7,0.033469789,0.029101646
MX,2021-06,2203703.7,1950039.7,0.033469789,0.029101646
MX,2021-07,2217224.5,1930093.467,0.006135489,-0.010228629
MX,2021-08,2217224.5,1930093.467,0.006135489,-0.010228629
MX,2021-09,2217224.5,1930093.467,0.006135489,-0.010228629
MX,2021-10,2319765.567,1991874.667,0.046247489,0.032009434
MX,2021-11,2319765.567,1991874.667,0.046247489,0.032009434
MX,2021-12,2319765.567,1991874.667,0.046247489,0.032009434
MX,2022-01,2328716.633,1952034.7,0.003858608,-0.020001242
MX,2022-02,2328716.633,1952034.7,0.003858608,-0.020001242
MX,2022-03,2328716.633,1952034.7,0.003858608,-0.020001242
MX,2022-04,2442427.367,2014200.9,0.048829785,0.031846872
MX,2022-05,2442427.367,2014200.9,0.048829785,0.031846872
MX,2022-06,2442427.367,2014200.9,0.048829785,0.031846872
MX,2022-07,2478239.767,2026152.4,0.014662626,0.005933619
MX,2022-08,2478239.767,2026152.4,0.014662626,0.005933619
MX,2022-09,2478239.767,2026152.4,0.014662626,0.005933619
MX,2022-10,2568226.933,2081229.967,0.03631092,0.027183329
MX,2022-11,2568226.933,2081229.967,0.03631092,0.027183329
MX,2022-12,2568226.933,2081229.967,0.03631092,0.027183329
MX,2023-01,2521139.8,2020976.733,-0.018334491,-0.028950781
MX,2023-02,2521139.8,2020976.733,-0.018334491,-0.028950781
MX,2023-03,2521139.8,2020976.733,-0.018334491,-0.028950781
MX,2023-04,2617253.867,2083108.267,0.038123259,0.030743319
MX,2023-05,2617253.867,2083108.267,0.038123259,0.030743319
MX,2023-06,2617253.867,2083108.267,0.038123259,0.030743319
MX,2023-07,2672179.8,2093185.9,0.020986093,0.004837787
MX,2023-08,2672179.8,2093185.9,0.020986093,0.004837787
MX,2023-09,2672179.8,2093185.9,0.020986093,0.004837787
MX,2023-10,2672179.8,2130555.167,0.020986093,0.017852818
MX,2023-11,2672179.8,2130555.167,0.020986093,0.017852818
MX,2023-12,2672179.8,2130555.167,0.020986093,0.017852818
NI,2018-01,26159.30573,15379.71496,-0.990210499,-0.992781358
NI,2018-02,26159.30573,15379.71496,-0.990210499,-0.992781358
NI,2018-03,26159.30573,15379.71496,-0.990210499,-0.992781358
NI,2018-04,27197.47404,15208.56174,0.039686386,-0.011128504
NI,2018-05,27197.47404,15208.56174,0.039686386,-0.011128504
NI,2018-06,27197.47404,15208.56174,0.039686386,-0.011128504
NI,2018-07,28235.64236,15037.40852,0.038171498,-0.011253741
NI,2018-08,28235.64236,15037.40852,0.038171498,-0.011253741
NI,2018-09,28235.64236,15037.40852,0.038171498,-0.011253741
NI,2018-10,29273.81067,14866.2553,0.036768008,-0.01138183
NI,2018-11,29273.81067,14866.2553,0.036768008,-0.01138183
NI,2018-12,29273.81067,14866.2553,0.036768008,-0.01138183
NI,2019-01,30311.97899,14695.10208,0.035464065,-0.011512867
NI,2019-02,30311.97899,14695.10208,0.035464065,-0.011512867
NI,2019-03,30311.97899,14695.10208,0.035464065,-0.011512867
NI,2019-04,31350.14731,14523.94886,0.03424944,-0.011646957
NI,2019-05,31350.14731,14523.94886,0.03424944,-0.011646957
NI,2019-06,31350.14731,14523.94886,0.03424944,-0.011646957
NI,2019-07,32388.31562,14352.79564,0.033115261,-0.011784207
NI,2019-08,32388.31562,14352.79564,0.033115261,-0.011784207
NI,2019-09,32388.31562,14352.79564,0.033115261,-0.011784207
NI,2019-10,33426.48394,14181.64242,0.032053791,-0.011924731
NI,2019-11,33426.48394,14181.64242,0.032053791,-0.011924731
NI,2019-12,33426.48394,14181.64242,0.032053791,-0.011924731
NI,2020-01,36367.88045,14495.66313,0.087995989,0.02214276
NI,2020-02,36367.88045,14495.66313,0.087995989,0.02214276
NI,2020-03,36367.88045,14495.66313,0.087995989,0.02214276
NI,2020-04,32893.6833,12868.98812,-0.095529272,-0.112218047
NI,2020-05,32893.6833,12868.98812,-0.095529272,-0.112218047
NI,2020-06,32893.6833,12868.98812,-0.095529272,-0.112218047
NI,2020-07,36049.57883,14153.35669,0.095942297,0.099803385
NI,2020-08,36049.57883,14153.35669,0.095942297,0.099803385
NI,2020-09,36049.57883,14153.35669,0.095942297,0.099803385
NI,2020-10,38776.47633,15141.09502,0.075642978,0.069788274
NI,2020-11,38776.47633,15141.09502,0.075642978,0.069788274
NI,2020-12,38776.47633,15141.09502,0.075642978,0.069788274
NI,2021-01,39101.16775,15052.41709,0.008373412,-0.005856771
NI,2021-02,39101.16775,15052.41709,0.008373412,-0.005856771
NI,2021-03,39101.16775,15052.41709,0.008373412,-0.005856771
NI,2021-04,39976.95024,15681.35,0.02239786,0.041782852
NI,2021-05,39976.95024,15681.35,0.02239786,0.041782852
NI,2021-06,39976.95024,15681.35,0.02239786,0.041782852
NI,2021-07,40858.21558,16130.8802,0.022044336,0.02866655
NI,2021-08,40858.21558,16130.8802,0.022044336,0.02866655
NI,2021-09,40858.21558,16130.8802,0.022044336,0.02866655
NI,2021-10,45565.19426,16580.4104,0.115202747,0.02786768
NI,2021-11,45565.19426,16580.4104,0.115202747,0.02786768
NI,2021-12,45565.19426,16580.4104,0.115202747,0.02786768
NI,2022-01,44134.1977,17029.9406,-0.031405475,0.027112127
NI,2022-02,44134.1977,17029.9406,-0.031405475,0.027112127
NI,2022-03,44134.1977,17029.9406,-0.031405475,0.027112127
NI,2022-04,45772.27152,17479.47081,0.037115749,0.026396463
NI,2022-05,45772.27152,17479.47081,0.037115749,0.026396463
NI,2022-06,45772.27152,17479.47081,0.037115749,0.026396463
NI,2022-07,46652.26497,17929.00101,0.01922547,0.025717609
NI,2022-08,46652.26497,17929.00101,0.01922547,0.025717609
NI,2022-09,46652.26497,17929.00101,0.01922547,0.025717609
NI,2022-10,50844.07531,18378.53121,0.089852236,0.025072797
NI,2022-11,50844.07531,18378.53121,0.089852236,0.025072797
NI,2022-12,50844.07531,18378.53121,0.089852236,0.025072797
NI,2023-01,50016.07371,18828.06141,-0.016285115,0.024459528
NI,2023-02,50016.07371,18828.06141,-0.016285115,0.024459528
NI,2023-03,50016.07371,18828.06141,-0.016285115,0.024459528
NI,2023-04,52534.61341,19277.59161,0.050354606,0.023875544
NI,2023-05,52534.61341,19277.59161,0.050354606,0.023875544
NI,2023-06,52534.61341,19277.59161,0.050354606,0.023875544
NI,2023-07,54216.51778,19727.12181,0.032015166,0.023318795
NI,2023-08,54216.51778,19727.12181,0.032015166,0.023318795
NI,2023-09,54216.51778,19727.12181,0.032015166,0.023318795
NI,2023-10,55898.42215,20176.65201,0.031021992,0.02278742
NI,2023-11,55898.42215,20176.65201,0.031021992,0.02278742
NI,2023-12,55898.42215,20176.65201,0.031021992,0.02278742
SV,2018-01,2053.0399,1994.800332,-0.963271953,-0.901133234
SV,2018-02,2053.0399,1994.800332,-0.963271953,-0.901133234
SV,2018-03,2053.0399,1994.800332,-0.963271953,-0.901133234
SV,2018-04,2176.40602,2089.079034,0.06008949,0.047262225
SV,2018-05,2176.40602,2089.079034,0.06008949,0.047262225
SV,2018-06,2176.40602,2089.079034,0.06008949,0.047262225
SV,2018-07,2160.136851,2064.515309,-0.007475245,-0.01175816
SV,2018-08,2160.136851,2064.515309,-0.007475245,-0.01175816
SV,2018-09,2160.136851,2064.515309,-0.007475245,-0.01175816
SV,2018-10,2284.03514,2132.435805,0.057356685,0.032899003
SV,2018-11,2284.03514,2132.435805,0.057356685,0.032899003
SV,2018-12,2284.03514,2132.435805,0.057356685,0.032899003
SV,2019-01,2133.704874,2053.263499,-0.065817843,-0.037127638
SV,2019-02,2133.704874,2053.263499,-0.065817843,-0.037127638
SV,2019-03,2133.704874,2053.263499,-0.065817843,-0.037127638
SV,2019-04,2237.757936,2122.525634,0.04876638,0.033732706
SV,2019-05,2237.757936,2122.525634,0.04876638,0.033732706
SV,2019-06,2237.757936,2122.525634,0.04876638,0.033732706
SV,2019-07,2230.617188,2117.689156,-0.003191028,-0.002278643
SV,2019-08,2230.617188,2117.689156,-0.003191028,-0.002278643
SV,2019-09,2230.617188,2117.689156,-0.003191028,-0.002278643
SV,2019-10,2358.298923,2188.997145,0.057240541,0.033672548
SV,2019-11,2358.298923,2188.997145,0.057240541,0.033672548
SV,2019-12,2358.298923,2188.997145,0.057240541,0.033672548
SV,2020-01,2154.02769,2043.041372,-0.086618041,-0.066677004
SV,2020-02,2154.02769,2043.041372,-0.086618041,-0.066677004
SV,2020-03,2154.02769,2043.041372,-0.086618041,-0.066677004
SV,2020-04,1792.661672,1697.930339,-0.16776294,-0.168920237
SV,2020-05,1792.661672,1697.930339,-0.16776294,-0.168920237
SV,2020-06,1792.661672,1697.930339,-0.16776294,-0.168920237
SV,2020-07,2039.527829,1936.609954,0.137709285,0.140570911
SV,2020-08,2039.527829,1936.609954,0.137709285,0.140570911
SV,2020-09,2039.527829,1936.609954,0.137709285,0.140570911
SV,2020-10,2320.84693,2135.247234,0.137933446,0.102569586
SV,2020-11,2320.84693,2135.247234,0.137933446,0.102569586
SV,2020-12,2320.84693,2135.247234,0.137933446,0.102569586
SV,2021-01,2245.570804,2105.24867,-0.032434766,-0.014049223
SV,2021-02,2245.570804,2105.24867,-0.032434766,-0.014049223
SV,2021-03,2245.570804,2105.24867,-0.032434766,-0.014049223
SV,2021-04,2401.026257,2185.223499,0.069227589,0.037988305
SV,2021-05,2401.026257,2185.223499,0.069227589,0.037988305
SV,2021-06,2401.026257,2185.223499,0.069227589,0.037988305
SV,2021-07,2412.307699,2182.696317,0.004698592,-0.001156487
SV,2021-08,2412.307699,2182.696317,0.004698592,-0.001156487
SV,2021-09,2412.307699,2182.696317,0.004698592,-0.001156487
SV,2021-10,2622.143352,2270.039346,0.086985443,0.040016116
SV,2021-11,2622.143352,2270.039346,0.086985443,0.040016116
SV,2021-12,2622.143352,2270.039346,0.086985443,0.040016116
SV,2022-01,2521.816152,2207.692058,-0.038261524,-0.02746529
SV,2022-02,2521.816152,2207.692058,-0.038261524,-0.02746529
SV,2022-03,2521.816152,2207.692058,-0.038261524,-0.02746529
SV,2022-04,2659.933816,2241.002171,0.054769125,0.015088206
SV,2022-05,2659.933816,2241.002171,0.054769125,0.015088206
SV,2022-06,2659.933816,2241.002171,0.054769125,0.015088206
SV,2022-07,2659.057721,2233.181331,-0.000329367,-0.003489885
SV,2022-08,2659.057721,2233.181331,-0.000329367,-0.003489885
SV,2022-09,2659.057721,2233.181331,-0.000329367,-0.003489885
SV,2022-10,2822.164968,2306.071064,0.061340243,0.032639416
SV,2022-11,2822.164968,2306.071064,0.061340243,0.032639416
SV,2022-12,2822.164968,2306.071064,0.061340243,0.032639416
SV,2023-01,2676.418556,2244.26484,-0.051643477,-0.026801526
SV,2023-02,2676.418556,2244.26484,-0.051643477,-0.026801526
SV,2023-03,2676.418556,2244.26484,-0.051643477,-0.026801526
SV,2023-04,2849.129124,2344.783182,0.064530478,0.044788984
SV,2023-05,2849.129124,2344.783182,0.064530478,0.044788984
SV,2023-06,2849.129124,2344.783182,0.064530478,0.044788984
SV,2023-07,2821.309489,2307.636022,-0.009764259,-0.015842472
SV,2023-08,2821.309489,2307.636022,-0.009764259,-0.015842472
SV,2023-09,2821.309489,2307.636022,-0.009764259,-0.015842472
SV,2023-10,2991.681237,2406.65592,0.060387472,0.042909669
SV,2023-11,2991.681237,2406.65592,0.060387472,0.042909669
SV,2023-12,2991.681237,2406.65592,0.060387472,0.042909669
UK,2018-01,174624.6667,179988.3333,57.37007783,73.78773007
UK,2018-02,174624.6667,179988.3333,57.37007783,73.78773007
UK,2018-03,174624.6667,179988.3333,57.37007783,73.78773007
UK,2018-04,175924.6667,181068.6667,0.007444538,0.006002241
UK,2018-05,175924.6667,181068.6667,0.007444538,0.006002241
UK,2018-06,175924.6667,181068.6667,0.007444538,0.006002241
UK,2018-07,180206.3333,183284.3333,0.024338069,0.01223661
UK,2018-08,180206.3333,183284.3333,0.024338069,0.01223661
UK,2018-09,180206.3333,183284.3333,0.024338069,0.01223661
UK,2018-10,186679,188272.3333,0.035918086,0.027214546
UK,2018-11,186679,188272.3333,0.035918086,0.027214546
UK,2018-12,186679,188272.3333,0.035918086,0.027214546
UK,2019-01,181749,183225.6667,-0.026408969,-0.026805142
UK,2019-02,181749,183225.6667,-0.026408969,-0.026805142
UK,2019-03,181749,183225.6667,-0.026408969,-0.026805142
UK,2019-04,183447.3333,184336.3333,0.009344389,0.006061742
UK,2019-05,183447.3333,184336.3333,0.009344389,0.006061742
UK,2019-06,183447.3333,184336.3333,0.009344389,0.006061742
UK,2019-07,185824.3333,185225,0.012957397,0.004820898
UK,2019-08,185824.3333,185225,0.012957397,0.004820898
UK,2019-09,185824.3333,185225,0.012957397,0.004820898
UK,2019-10,193619.6667,191853.3333,0.041950014,0.035785306
UK,2019-11,193619.6667,191853.3333,0.041950014,0.035785306
UK,2019-12,193619.6667,191853.3333,0.041950014,0.035785306
UK,2020-01,185278.3333,182158.3333,-0.043081023,-0.050533394
UK,2020-02,185278.3333,182158.3333,-0.043081023,-0.050533394
UK,2020-03,185278.3333,182158.3333,-0.043081023,-0.050533394
UK,2020-04,156835,142971.6667,-0.153516781,-0.215124205
UK,2020-05,156835,142971.6667,-0.153516781,-0.215124205
UK,2020-06,156835,142971.6667,-0.153516781,-0.215124205
UK,2020-07,174422.6667,166083.6667,0.11214121,0.161654407
UK,2020-08,174422.6667,166083.6667,0.11214121,0.161654407
UK,2020-09,174422.6667,166083.6667,0.11214121,0.161654407
UK,2020-10,184893.3333,176282.6667,0.060030424,0.061408808
UK,2020-11,184893.3333,176282.6667,0.060030424,0.061408808
UK,2020-12,184893.3333,176282.6667,0.060030424,0.061408808
UK,2021-01,178877,169079.6667,-0.032539482,-0.040860512
UK,2021-02,178877,169079.6667,-0.032539482,-0.040860512
UK,2021-03,178877,169079.6667,-0.032539482,-0.040860512
UK,2021-04,188295.3333,181379,0.052652568,0.072742829
UK,2021-05,188295.3333,181379,0.052652568,0.072742829
UK,2021-06,188295.3333,181379,0.052652568,0.072742829
UK,2021-07,191391,182701,0.016440485,0.007288606
UK,2021-08,191391,182701,0.016440485,0.007288606
UK,2021-09,191391,182701,0.016440485,0.007288606
UK,2021-10,202796.3333,192241.3333,0.059591796,0.052218287
UK,2021-11,202796.3333,192241.3333,0.059591796,0.052218287
UK,2021-12,202796.3333,192241.3333,0.059591796,0.052218287
UK,2022-01,204824,188036,0.009998537,-0.021875282
UK,2022-02,204824,188036,0.009998537,-0.021875282
UK,2022-03,204824,188036,0.009998537,-0.021875282
UK,2022-04,204334,184934.6667,-0.002392298,-0.016493296
UK,2022-05,204334,184934.6667,-0.002392298,-0.016493296
UK,2022-06,204334,184934.6667,-0.002392298,-0.016493296
UK,2022-07,209654,188688.6667,0.026035804,0.020299061
UK,2022-08,209654,188688.6667,0.026035804,0.020299061
UK,2022-09,209654,188688.6667,0.026035804,0.020299061
UK,2022-10,216515,195262,0.032725347,0.034836927
UK,2022-11,216515,195262,0.032725347,0.034836927
UK,2022-12,216515,195262,0.032725347,0.034836927
UK,2023-01,220418,189468.3333,0.018026465,-0.029671245
UK,2023-02,220418,189468.3333,0.018026465,-0.029671245
UK,2023-03,220418,189468.3333,0.018026465,-0.029671245
UK,2023-04,222159.3333,187293.3333,0.007900141,-0.011479491
UK,2023-05,222159.3333,187293.3333,0.007900141,-0.011479491
UK,2023-06,222159.3333,187293.3333,0.007900141,-0.011479491
UK,2023-07,225299.3333,188927.3333,0.014134,0.008724283
UK,2023-08,225299.3333,188927.3333,0.014134,0.008724283
UK,2023-09,225299.3333,188927.3333,0.014134,0.008724283
UK,2023-10,225299.3333,188927.3333,0.014134,0.008724283
UK,2023-11,225299.3333,188927.3333,0.014134,0.008724283
UK,2023-12,225299.3333,188927.3333,0.014134,0.008724283
US,2018-01,1654136,1630272.333,6.341948045,7.629097254
US,2018-02,1654136,1630272.333,6.341948045,7.629097254
US,2018-03,1654136,1630272.333,6.341948045,7.629097254
US,2018-04,1720513.667,1679994.333,0.040128301,0.030499199
US,2018-05,1720513.667,1679994.333,0.040128301,0.030499199
US,2018-06,1720513.667,1679994.333,0.040128301,0.030499199
US,2018-07,1740542.333,1697510.667,0.011641097,0.010426424
US,2018-08,1740542.333,1697510.667,0.011641097,0.010426424
US,2018-09,1740542.333,1697510.667,0.011641097,0.010426424
US,2018-10,1770313.333,1723521,0.017104439,0.015322633
US,2018-11,1770313.333,1723521,0.017104439,0.015322633
US,2018-12,1770313.333,1723521,0.017104439,0.015322633
US,2019-01,1713350.333,1656308.667,-0.03217679,-0.038997107
US,2019-02,1713350.333,1656308.667,-0.03217679,-0.038997107
US,2019-03,1713350.333,1656308.667,-0.03217679,-0.038997107
US,2019-04,1792063,1719121.667,0.045940789,0.037923487
US,2019-05,1792063,1719121.667,0.045940789,0.037923487
US,2019-06,1792063,1719121.667,0.045940789,0.037923487
US,2019-07,1813673,1741298.333,0.012058728,0.012899998
US,2019-08,1813673,1741298.333,0.012058728,0.012899998
US,2019-09,1813673,1741298.333,0.012058728,0.012899998
US,2019-10,1854712.333,1780633.667,0.022627747,0.022589658
US,2019-11,1854712.333,1780633.667,0.022627747,0.022589658
US,2019-12,1854712.333,1780633.667,0.022627747,0.022589658
US,2020-01,1764239.333,1681587.667,-0.048780071,-0.055624018
US,2020-02,1764239.333,1681587.667,-0.048780071,-0.055624018
US,2020-03,1764239.333,1681587.667,-0.048780071,-0.055624018
US,2020-04,1669977,1591095.333,-0.053429448,-0.053813628
US,2020-05,1669977,1591095.333,-0.053429448,-0.053813628
US,2020-06,1669977,1591095.333,-0.053429448,-0.053813628
US,2020-07,1803676,1709706.667,0.080060384,0.074546968
US,2020-08,1803676,1709706.667,0.080060384,0.074546968
US,2020-09,1803676,1709706.667,0.080060384,0.074546968
US,2020-10,1869758.667,1762301.667,0.03663777,0.030762587
US,2020-11,1869758.667,1762301.667,0.03663777,0.030762587
US,2020-12,1869758.667,1762301.667,0.03663777,0.030762587
US,2021-01,1834404.333,1705367.333,-0.018908501,-0.032306803
US,2021-02,1834404.333,1705367.333,-0.018908501,-0.032306803
US,2021-03,1834404.333,1705367.333,-0.018908501,-0.032306803
US,2021-04,1951106.667,1779012,0.063618653,0.043184049
US,2021-05,1951106.667,1779012,0.063618653,0.043184049
US,2021-06,1951106.667,1779012,0.063618653,0.043184049
US,2021-07,1991713,1795404,0.020811949,0.009214103
US,2021-08,1991713,1795404,0.020811949,0.009214103
US,2021-09,1991713,1795404,0.020811949,0.009214103
US,2021-10,2090512.667,1856114,0.049605373,0.033814116
US,2021-11,2090512.667,1856114,0.049605373,0.033814116
US,2021-12,2090512.667,1856114,0.049605373,0.033814116
US,2022-01,2032969.333,1767924.667,-0.027525943,-0.047512886
US,2022-02,2032969.333,1767924.667,-0.027525943,-0.047512886
US,2022-03,2032969.333,1767924.667,-0.027525943,-0.047512886
US,2022-04,2138088.667,1811583,0.051707289,0.02469468
US,2022-05,2138088.667,1811583,0.051707289,0.02469468
US,2022-06,2138088.667,1811583,0.051707289,0.02469468
US,2022-07,2179739.667,1829007.333,0.019480483,0.009618291
US,2022-08,2179739.667,1829007.333,0.019480483,0.009618291
US,2022-09,2179739.667,1829007.333,0.019480483,0.009618291
US,2022-10,2233839.667,1865497.333,0.024819478,0.019950713
US,2022-11,2233839.667,1865497.333,0.024819478,0.019950713
US,2022-12,2233839.667,1865497.333,0.024819478,0.019950713
US,2023-01,2182218.333,1805147.667,-0.023108791,-0.032350444
US,2023-02,2182218.333,1805147.667,-0.023108791,-0.032350444
US,2023-03,2182218.333,1805147.667,-0.023108791,-0.032350444
US,2023-04,2267458.333,1856489.667,0.039061169,0.028441994
US,2023-05,2267458.333,1856489.667,0.039061169,0.028441994
US,2023-06,2267458.333,1856489.667,0.039061169,0.028441994
US,2023-07,2309193.667,1880899,0.018406218,0.013148112
US,2023-08,2309193.667,1880899,0.018406218,0.013148112
US,2023-09,2309193.667,1880899,0.018406218,0.013148112
US,2023-10,2363660.667,1923316.667,0.023587021,0.022551805
US,2023-11,2363660.667,1923316.667,0.023587021,0.022551805
US,2023-12,2363660.667,1923316.667,0.023587021,0.022551805
UY,2018-01,165256.4004,145801.3376,-0.930084549,-0.924192755
UY,2018-02,165256.4004,145801.3376,-0.930084549,-0.924192755
UY,2018-03,165256.4004,145801.3376,-0.930084549,-0.924192755
UY,2018-04,162970.4265,147111.6157,-0.013832892,0.008986736
UY,2018-05,162970.4265,147111.6157,-0.013832892,0.008986736
UY,2018-06,162970.4265,147111.6157,-0.013832892,0.008986736
UY,2018-07,162940.3274,141993.098,-0.000184691,-0.03479343
UY,2018-08,162940.3274,141993.098,-0.000184691,-0.03479343
UY,2018-09,162940.3274,141993.098,-0.000184691,-0.03479343
UY,2018-10,176626.5803,153992.5842,0.083995492,0.084507531
UY,2018-11,176626.5803,153992.5842,0.083995492,0.084507531
UY,2018-12,176626.5803,153992.5842,0.083995492,0.084507531
UY,2019-01,176437.7701,145087.2563,-0.00106898,-0.05782959
UY,2019-02,176437.7701,145087.2563,-0.00106898,-0.05782959
UY,2019-03,176437.7701,145087.2563,-0.00106898,-0.05782959
UY,2019-04,179673.1522,150137.539,0.018337242,0.034808589
UY,2019-05,179673.1522,150137.539,0.018337242,0.034808589
UY,2019-06,179673.1522,150137.539,0.018337242,0.034808589
UY,2019-07,180715.3946,144830.3297,0.005800769,-0.035348983
UY,2019-08,180715.3946,144830.3297,0.005800769,-0.035348983
UY,2019-09,180715.3946,144830.3297,0.005800769,-0.035348983
UY,2019-10,192355.7344,153227.4584,0.064412552,0.057979077
UY,2019-11,192355.7344,153227.4584,0.064412552,0.057979077
UY,2019-12,192355.7344,153227.4584,0.064412552,0.057979077
UY,2020-01,188681.9972,141889.41,-0.019098663,-0.073994887
UY,2020-02,188681.9972,141889.41,-0.019098663,-0.073994887
UY,2020-03,188681.9972,141889.41,-0.019098663,-0.073994887
UY,2020-04,173992.8273,129789.1469,-0.077851465,-0.085279536
UY,2020-05,173992.8273,129789.1469,-0.077851465,-0.085279536
UY,2020-06,173992.8273,129789.1469,-0.077851465,-0.085279536
UY,2020-07,185864.7529,136577.0124,0.06823227,0.052299176
UY,2020-08,185864.7529,136577.0124,0.06823227,0.052299176
UY,2020-09,185864.7529,136577.0124,0.06823227,0.052299176
UY,2020-10,203034.9155,147869.8635,0.092379875,0.08268486
UY,2020-11,203034.9155,147869.8635,0.092379875,0.08268486
UY,2020-12,203034.9155,147869.8635,0.092379875,0.08268486
UY,2021-01,200264.2299,136551.0584,-0.013646351,-0.076545719
UY,2021-02,200264.2299,136551.0584,-0.013646351,-0.076545719
UY,2021-03,200264.2299,136551.0584,-0.013646351,-0.076545719
UY,2021-04,220330.5964,144418.1678,0.100199454,0.057612951
UY,2021-05,220330.5964,144418.1678,0.100199454,0.057612951
UY,2021-06,220330.5964,144418.1678,0.100199454,0.057612951
UY,2021-07,222165.429,145064.8376,0.008327634,0.004477759
UY,2021-08,222165.429,145064.8376,0.008327634,0.004477759
UY,2021-09,222165.429,145064.8376,0.008327634,0.004477759
UY,2021-10,248806.6786,159435.6548,0.11991627,0.099064787
UY,2021-11,248806.6786,159435.6548,0.11991627,0.099064787
UY,2021-12,248806.6786,159435.6548,0.11991627,0.099064787
UY,2022-01,233440.3122,148076.7587,-0.061760265,-0.07124439
UY,2022-02,233440.3122,148076.7587,-0.061760265,-0.07124439
UY,2022-03,233440.3122,148076.7587,-0.061760265,-0.07124439
UY,2022-04,244622,157013.4118,0.047899558,0.06035149
UY,2022-05,244622,157013.4118,0.047899558,0.06035149
UY,2022-06,244622,157013.4118,0.047899558,0.06035149
UY,2022-07,240158.2979,149971.1951,-0.018247345,-0.044851052
UY,2022-08,240158.2979,149971.1951,-0.018247345,-0.044851052
UY,2022-09,240158.2979,149971.1951,-0.018247345,-0.044851052
UY,2022-10,258510.1511,159224.4375,0.076415653,0.061700131
UY,2022-11,258510.1511,159224.4375,0.076415653,0.061700131
UY,2022-12,258510.1511,159224.4375,0.076415653,0.061700131
UY,2023-01,249554.7693,150437.7717,-0.034642283,-0.055184154
UY,2023-02,249554.7693,150437.7717,-0.034642283,-0.055184154
UY,2023-03,249554.7693,150437.7717,-0.034642283,-0.055184154
UY,2023-04,249735.9163,153105.4277,0.000725881,0.017732621
UY,2023-05,249735.9163,153105.4277,0.000725881,0.017732621
UY,2023-06,249735.9163,153105.4277,0.000725881,0.017732621
UY,2023-07,245770.8219,149625.0356,-0.015877149,-0.022731997
UY,2023-08,245770.8219,149625.0356,-0.015877149,-0.022731997
UY,2023-09,245770.8219,149625.0356,-0.015877149,-0.022731997
UY,2023-10,245770.8219,149625.0356,-0.015877149,-0.022731997
UY,2023-11,245770.8219,149625.0356,-0.015877149,-0.022731997
UY,2023-12,245770.8219,149625.0356,-0.015877149,-0.022731997
PA,2018-01,5183.560434,3145.666869,-0.978908967,-0.978976333
PA,2018-02,5183.560434,3145.666869,-0.978908967,-0.978976333
PA,2018-03,5183.560434,3145.666869,-0.978908967,-0.978976333
PA,2018-04,5183.560434,3145.666869,-0.978908967,-0.978976333
PA,2018-05,5183.560434,3145.666869,-0.978908967,-0.978976333
PA,2018-06,5183.560434,3145.666869,-0.978908967,-0.978976333
PA,2018-07,5183.560434,3145.666869,-0.978908967,-0.978976333
PA,2018-08,5183.560434,3145.666869,-0.978908967,-0.978976333
PA,2018-09,5183.560434,3145.666869,-0.978908967,-0.978976333
PA,2018-10,5183.560434,3145.666869,-0.978908967,-0.978976333
PA,2018-11,5183.560434,3145.666869,-0.978908967,-0.978976333
PA,2018-12,5183.560434,3145.666869,-0.978908967,-0.978976333
PA,2019-01,5410.784036,3283.55853,0.04383543,0.04383543
PA,2019-02,5410.784036,3283.55853,0.04383543,0.04383543
PA,2019-03,5410.784036,3283.55853,0.04383543,0.04383543
PA,2019-04,5410.784036,3283.55853,0.04383543,0.04383543
PA,2019-05,5410.784036,3283.55853,0.04383543,0.04383543
PA,2019-06,5410.784036,3283.55853,0.04383543,0.04383543
PA,2019-07,5410.784036,3283.55853,0.04383543,0.04383543
PA,2019-08,5410.784036,3283.55853,0.04383543,0.04383543
PA,2019-09,5410.784036,3283.55853,0.04383543,0.04383543
PA,2019-10,5410.784036,3283.55853,0.04383543,0.04383543
PA,2019-11,5410.784036,3283.55853,0.04383543,0.04383543
PA,2019-12,5410.784036,3283.55853,0.04383543,0.04383543
PA,2020-01,5582.033461,3387.48201,0.031649651,0.031649651
PA,2020-02,5582.033461,3387.48201,0.031649651,0.031649651
PA,2020-03,5582.033461,3387.48201,0.031649651,0.031649651
PA,2020-04,5582.033461,3387.48201,0.031649651,0.031649651
PA,2020-05,5582.033461,3387.48201,0.031649651,0.031649651
PA,2020-06,5582.033461,3387.48201,0.031649651,0.031649651
PA,2020-07,5582.033461,3387.48201,0.031649651,0.031649651
PA,2020-08,5582.033461,3387.48201,0.031649651,0.031649651
PA,2020-09,5582.033461,3387.48201,0.031649651,0.031649651
PA,2020-10,5582.033461,3387.48201,0.031649651,0.031649651
PA,2020-11,5582.033461,3387.48201,0.031649651,0.031649651
PA,2020-12,5582.033461,3387.48201,0.031649651,0.031649651
PA,2021-01,4498.086074,2729.683683,-0.194185039,-0.194185039
PA,2021-02,4498.086074,2729.683683,-0.194185039,-0.194185039
PA,2021-03,4498.086074,2729.683683,-0.194185039,-0.194185039
PA,2021-04,4498.086074,2729.683683,-0.194185039,-0.194185039
PA,2021-05,4498.086074,2729.683683,-0.194185039,-0.194185039
PA,2021-06,4498.086074,2729.683683,-0.194185039,-0.194185039
PA,2021-07,4498.086074,2729.683683,-0.194185039,-0.194185039
PA,2021-08,4498.086074,2729.683683,-0.194185039,-0.194185039
PA,2021-09,4498.086074,2729.683683,-0.194185039,-0.194185039
PA,2021-10,4498.086074,2729.683683,-0.194185039,-0.194185039
PA,2021-11,4498.086074,2729.683683,-0.194185039,-0.194185039
PA,2021-12,4498.086074,2729.683683,-0.194185039,-0.194185039
PA,2022-01,5300.422148,3216.584924,0.17837277,0.17837277
PA,2022-02,5300.422148,3216.584924,0.17837277,0.17837277
PA,2022-03,5300.422148,3216.584924,0.17837277,0.17837277
PA,2022-04,5300.422148,3216.584924,0.17837277,0.17837277
PA,2022-05,5300.422148,3216.584924,0.17837277,0.17837277
PA,2022-06,5300.422148,3216.584924,0.17837277,0.17837277
PA,2022-07,5300.422148,3216.584924,0.17837277,0.17837277
PA,2022-08,5300.422148,3216.584924,0.17837277,0.17837277
PA,2022-09,5300.422148,3216.584924,0.17837277,0.17837277
PA,2022-10,5300.422148,3216.584924,0.17837277,0.17837277
PA,2022-11,5300.422148,3216.584924,0.17837277,0.17837277
PA,2022-12,5300.422148,3216.584924,0.17837277,0.17837277
PA,2023-01,6015.979138,3650.823889,0.135,0.135
PA,2023-02,6015.979138,3650.823889,0.135,0.135
PA,2023-03,6015.979138,3650.823889,0.135,0.135
PA,2023-04,6015.979138,3650.823889,0.135,0.135
PA,2023-05,6015.979138,3650.823889,0.135,0.135
PA,2023-06,6015.979138,3650.823889,0.135,0.135
PA,2023-07,6015.979138,3650.823889,0.135,0.135
PA,2023-08,6015.979138,3650.823889,0.135,0.135
PA,2023-09,6015.979138,3650.823889,0.135,0.135
PA,2023-10,6015.979138,3650.823889,0.135,0.135
PA,2023-11,6015.979138,3650.823889,0.135,0.135
PA,2023-12,6015.979138,3650.823889,0.135,0.135
